Date,ticker,close,signal_eod,score_100,confidence,best_buy_value,stop_loss,stop_pct,take_profit,take_pct,exit_rules,Channel Breakout_last5d,Channel Breakout_last20d,Double Top/Bottom_last5d,Double Top/Bottom_last20d,Head & Shoulders_last5d,Head & Shoulders_last20d,Triangle Breakout_last5d,Triangle Breakout_last20d,Wedge Breakout_last5d,Wedge Breakout_last20d,RSI_status,SMA_Cross_last5d
2026-03-17,SLCE3.SA,18.32,buy,99.0,90.9,18.1065,17.0522,5.82,19.1608,5.82,"Stop: -5.8% (2.0xATR, breakeven); Take: +5.8% (R:R 1.0:1); Tight: 0.8xATR apos 5d; TimeStop: 16d; HardStop: 2% gap",BULL(3d),BULL(9d),BEAR(1d),MIXED(B1/S1),---,BEAR(1d),BULL(2d),BULL(9d),BULL(3d),BULL(9d),OVERBOUGHT(72),---
2026-03-17,RBRX11.SA,8.66,buy,91.3,85.4,8.6059,8.343,3.05,8.8688,3.05,"Stop: -3.0% (2.0xATR, breakeven); Take: +3.0% (R:R 1.0:1); Tight: 0.8xATR apos 5d; TimeStop: 16d; HardStop: 2% gap",BULL(2d),BULL(11d),---,BEAR(3d),---,---,BULL(1d),BULL(9d),BULL(2d),BULL(11d),NEUTRAL(58),---
2026-03-17,RADL3.SA,23.42,buy,17.9,74.9,23.0466,21.2795,7.67,24.8137,7.67,"Stop: -7.7% (2.0xATR, breakeven); Take: +7.7% (R:R 1.0:1); Tight: 0.8xATR apos 5d; TimeStop: 16d; HardStop: 2% gap",BULL(1d),BULL(3d),---,MIXED(B2/S2),---,BULL(2d),BULL(1d),BULL(4d),BULL(1d),BULL(3d),OVERSOLD(29),---
2026-03-17,HGRE11.SA,125.8,buy,31.0,73.0,125.0333,121.4747,2.85,128.5919,2.85,"Stop: -2.9% (2.0xATR, breakeven); Take: +2.9% (R:R 1.0:1); Tight: 0.8xATR apos 5d; TimeStop: 16d; HardStop: 2% gap",---,BULL(5d),---,BEAR(2d),---,BEAR(1d),BULL(1d),BULL(5d),---,BULL(5d),NEUTRAL(36),---
2026-03-17,NEOE3.SA,33.14,buy,79.0,71.7,33.0966,32.8937,0.61,33.2995,0.61,"Stop: -0.6% (2.0xATR, breakeven); Take: +0.6% (R:R 1.0:1); Tight: 0.8xATR apos 5d; TimeStop: 16d; HardStop: 2% gap",BULL(2d),BULL(10d),---,MIXED(B1/S1),---,---,BULL(3d),MIXED(B10/S1),BULL(2d),BULL(10d),OVERBOUGHT(84),---
2026-03-17,WEGE3.SA,46.2,buy,34.5,68.4,45.5544,42.5701,6.55,48.5387,6.55,"Stop: -6.5% (2.0xATR, breakeven); Take: +6.5% (R:R 1.0:1); Tight: 0.8xATR apos 5d; TimeStop: 16d; HardStop: 2% gap",BULL(1d),BULL(3d),---,MIXED(B2/S1),---,BULL(2d),BULL(1d),BULL(4d),BULL(1d),BULL(3d),NEUTRAL(31),---
2026-03-17,HSML11.SA,94.79,buy,76.6,67.2,94.4166,92.688,1.83,96.1452,1.83,"Stop: -1.8% (2.0xATR, breakeven); Take: +1.8% (R:R 1.0:1); Tight: 0.8xATR apos 5d; TimeStop: 16d; HardStop: 2% gap",BULL(2d),BULL(9d),---,MIXED(B2/S2),---,BULL(2d),BULL(3d),BULL(9d),BULL(2d),BULL(9d),OVERBOUGHT(70),---
2026-03-17,BRKM5.SA,12.19,buy,84.5,65.9,11.8044,10.0315,15.02,13.5773,15.02,"Stop: -15.0% (2.0xATR, breakeven); Take: +15.0% (R:R 1.0:1); Tight: 0.8xATR apos 5d; TimeStop: 16d; HardStop: 2% gap",BULL(1d),BULL(1d),---,---,---,BULL(1d),BULL(2d),BULL(8d),BULL(1d),BULL(5d),NEUTRAL(60),---
2026-03-17,BRSR6.SA,17.16,buy,61.1,63.6,16.9062,15.7476,6.85,18.0648,6.85,"Stop: -6.8% (2.0xATR, breakeven); Take: +6.8% (R:R 1.0:1); Tight: 0.8xATR apos 5d; TimeStop: 16d; HardStop: 2% gap",BULL(2d),BULL(5d),---,MIXED(B1/S2),---,BEAR(1d),BULL(1d),BULL(5d),BULL(2d),BULL(5d),NEUTRAL(40),---
2026-03-17,BRCO11.SA,121.46,buy,38.1,63.1,120.585,116.6036,3.3,124.5664,3.3,"Stop: -3.3% (2.0xATR, breakeven); Take: +3.3% (R:R 1.0:1); Tight: 0.8xATR apos 5d; TimeStop: 16d; HardStop: 2% gap",---,MIXED(B5/S1),BULL(1d),MIXED(B2/S1),---,BEAR(1d),BULL(1d),BULL(6d),---,MIXED(B5/S1),NEUTRAL(54),SMA5x20:DEATH
2026-03-17,ALUP11.SA,34.27,buy,34.7,63.0,33.8323,31.848,5.87,35.8166,5.87,"Stop: -5.9% (2.0xATR, breakeven); Take: +5.9% (R:R 1.0:1); Tight: 0.8xATR apos 5d; TimeStop: 16d; HardStop: 2% gap",BULL(1d),BULL(3d),BEAR(1d),MIXED(B2/S2),---,MIXED(B1/S1),BULL(1d),BULL(6d),BULL(1d),BULL(3d),NEUTRAL(39),---
2026-03-17,AGRO3.SA,22.26,buy,99.8,62.7,21.9889,20.6503,6.09,23.3275,6.09,"Stop: -6.1% (2.0xATR, breakeven); Take: +6.1% (R:R 1.0:1); Tight: 0.8xATR apos 5d; TimeStop: 16d; HardStop: 2% gap",BULL(3d),BULL(8d),---,MIXED(B1/S1),---,MIXED(B1/S1),BULL(1d),BULL(6d),BULL(3d),BULL(8d),NEUTRAL(39),---
2026-03-17,CPTS11.SA,8.09,buy,47.2,62.2,8.0588,7.9159,1.77,8.2017,1.77,"Stop: -1.8% (2.0xATR, breakeven); Take: +1.8% (R:R 1.0:1); Tight: 0.8xATR apos 5d; TimeStop: 16d; HardStop: 2% gap",BULL(2d),MIXED(B9/S1),---,MIXED(B2/S2),---,BEAR(2d),---,BULL(6d),BULL(2d),MIXED(B9/S1),NEUTRAL(54),---
2026-03-17,CURY3.SA,36.3,buy,48.6,60.7,35.5669,32.2712,9.27,38.8626,9.27,"Stop: -9.3% (2.0xATR, breakeven); Take: +9.3% (R:R 1.0:1); Tight: 0.8xATR apos 5d; TimeStop: 16d; HardStop: 2% gap",---,BULL(3d),---,BULL(1d),---,MIXED(B1/S1),BULL(1d),MIXED(B5/S1),---,BULL(3d),NEUTRAL(36),SMA20x50:DEATH
2026-03-17,RENT3.SA,44.62,buy,48.2,60.6,43.5485,38.7199,11.09,48.3771,11.09,"Stop: -11.1% (2.0xATR, breakeven); Take: +11.1% (R:R 1.0:1); Tight: 0.8xATR apos 5d; TimeStop: 16d; HardStop: 2% gap",BULL(1d),BULL(5d),---,BEAR(1d),---,MIXED(B2/S1),BULL(1d),BULL(5d),BULL(1d),BULL(5d),NEUTRAL(35),---
2026-03-17,ODPV3.SA,13.27,buy,48.6,58.8,12.9185,11.3342,12.26,14.5028,12.26,"Stop: -12.3% (2.0xATR, breakeven); Take: +12.3% (R:R 1.0:1); Tight: 0.8xATR apos 5d; TimeStop: 16d; HardStop: 2% gap",---,BULL(3d),BULL(1d),MIXED(B1/S1),---,MIXED(B1/S1),BULL(2d),BULL(7d),---,BULL(5d),NEUTRAL(48),SMA5x20:DEATH
2026-03-17,ABEV3.SA,15.02,buy,53.4,58.6,14.847,14.0727,5.22,15.6213,5.22,"Stop: -5.2% (2.0xATR, breakeven); Take: +5.2% (R:R 1.0:1); Tight: 0.8xATR apos 5d; TimeStop: 16d; HardStop: 2% gap",BULL(1d),BULL(3d),BEAR(1d),MIXED(B1/S3),---,MIXED(B1/S1),BULL(1d),BULL(5d),BULL(1d),BULL(3d),OVERSOLD(30),SMA20x50:DEATH
2026-03-17,FLRY3.SA,15.49,buy,43.1,57.9,15.244,14.1383,7.25,16.3497,7.25,"Stop: -7.2% (2.0xATR, breakeven); Take: +7.2% (R:R 1.0:1); Tight: 0.8xATR apos 5d; TimeStop: 16d; HardStop: 2% gap",---,BULL(1d),BEAR(1d),MIXED(B1/S2),---,MIXED(B1/S1),BULL(1d),MIXED(B4/S1),---,BULL(1d),OVERSOLD(29),---
2026-03-17,KNCR11.SA,105.01,buy,42.7,56.5,104.6759,103.1688,1.44,106.183,1.44,"Stop: -1.4% (2.0xATR, breakeven); Take: +1.4% (R:R 1.0:1); Tight: 0.8xATR apos 5d; TimeStop: 16d; HardStop: 2% gap",BULL(1d),MIXED(B5/S1),---,BULL(1d),---,BULL(1d),MIXED(B1/S1),MIXED(B8/S1),BULL(1d),MIXED(B5/S1),NEUTRAL(47),---
2026-03-17,MXRF11.SA,9.71,buy,52.6,56.4,9.6664,9.4678,2.05,9.865,2.05,"Stop: -2.0% (2.0xATR, breakeven); Take: +2.0% (R:R 1.0:1); Tight: 0.8xATR apos 5d; TimeStop: 16d; HardStop: 2% gap",BULL(2d),BULL(6d),---,BULL(2d),---,BULL(2d),BULL(2d),BULL(7d),BULL(2d),BULL(6d),NEUTRAL(54),---
2026-03-17,MLAS3.SA,1.29,buy,77.8,54.8,1.2665,1.1579,8.57,1.3751,8.57,"Stop: -8.6% (2.0xATR, breakeven); Take: +8.6% (R:R 1.0:1); Tight: 0.8xATR apos 5d; TimeStop: 16d; HardStop: 2% gap",---,BULL(1d),---,MIXED(B1/S1),---,MIXED(B1/S1),BULL(1d),BULL(2d),---,BULL(2d),NEUTRAL(43),SMA50x100:DEATH
2026-03-17,USIM5.SA,6.62,buy,48.0,54.8,6.4946,5.9203,8.84,7.0689,8.84,"Stop: -8.8% (2.0xATR, breakeven); Take: +8.8% (R:R 1.0:1); Tight: 0.8xATR apos 5d; TimeStop: 16d; HardStop: 2% gap",BULL(2d),BULL(7d),---,MIXED(B1/S1),---,BULL(1d),BULL(2d),MIXED(B6/S1),BULL(2d),BULL(7d),NEUTRAL(47),---
2026-03-17,PVBI11.SA,79.26,buy,63.7,54.7,78.7069,76.2198,3.16,81.194,3.16,"Stop: -3.2% (2.0xATR, breakeven); Take: +3.2% (R:R 1.0:1); Tight: 0.8xATR apos 5d; TimeStop: 16d; HardStop: 2% gap",---,MIXED(B6/S1),BULL(1d),MIXED(B1/S4),---,BULL(1d),BULL(1d),MIXED(B6/S1),---,MIXED(B6/S1),NEUTRAL(51),---
2026-03-17,LVBI11.SA,110.05,buy,49.8,54.4,109.6148,107.6462,1.8,111.5834,1.8,"Stop: -1.8% (2.0xATR, breakeven); Take: +1.8% (R:R 1.0:1); Tight: 0.8xATR apos 5d; TimeStop: 16d; HardStop: 2% gap",BULL(1d),BULL(9d),---,---,---,---,BULL(2d),BULL(8d),BULL(1d),BULL(9d),NEUTRAL(49),---
2026-03-17,SMTO3.SA,18.06,buy,62.5,54.3,17.6593,15.865,10.16,19.4536,10.16,"Stop: -10.2% (2.0xATR, breakeven); Take: +10.2% (R:R 1.0:1); Tight: 0.8xATR apos 5d; TimeStop: 16d; HardStop: 2% gap",BULL(1d),BULL(7d),---,BULL(2d),---,MIXED(B2/S1),BULL(3d),MIXED(B8/S1),BULL(1d),BULL(8d),NEUTRAL(58),SMA5x20:DEATH
2026-03-17,KNSC11.SA,8.95,buy,63.3,54.1,8.9014,8.6814,2.47,9.1214,2.47,"Stop: -2.5% (2.0xATR, breakeven); Take: +2.5% (R:R 1.0:1); Tight: 0.8xATR apos 5d; TimeStop: 16d; HardStop: 2% gap",BULL(3d),BULL(7d),---,BULL(2d),---,BULL(2d),BULL(2d),MIXED(B8/S1),BULL(3d),BULL(7d),NEUTRAL(47),SMA20x50:DEATH
2026-03-17,UGPA3.SA,26.43,buy,53.6,53.8,26.0388,24.2888,6.72,27.7888,6.72,"Stop: -6.7% (2.0xATR, breakeven); Take: +6.7% (R:R 1.0:1); Tight: 0.8xATR apos 5d; TimeStop: 16d; HardStop: 2% gap",BULL(3d),BULL(7d),BEAR(1d),MIXED(B2/S2),---,MIXED(B2/S1),BULL(1d),BULL(9d),BULL(3d),BULL(7d),NEUTRAL(49),"SMA5x20:DEATH, SMA20x50:DEATH"
2026-03-17,PETR4.SA,46.38,buy,82.7,52.2,45.7366,42.7952,6.43,48.678,6.43,"Stop: -6.4% (2.0xATR, breakeven); Take: +6.4% (R:R 1.0:1); Tight: 0.8xATR apos 5d; TimeStop: 16d; HardStop: 2% gap",BULL(2d),BULL(12d),---,BEAR(2d),---,BEAR(1d),BULL(3d),BULL(9d),BULL(2d),BULL(12d),OVERBOUGHT(88),---
2026-03-17,ECOR3.SA,9.1,buy,45.8,52.2,8.9144,8.0801,9.36,9.7487,9.36,"Stop: -9.4% (2.0xATR, breakeven); Take: +9.4% (R:R 1.0:1); Tight: 0.8xATR apos 5d; TimeStop: 16d; HardStop: 2% gap",BULL(1d),BULL(3d),BEAR(1d),BEAR(1d),---,---,BULL(1d),BULL(4d),BULL(1d),BULL(3d),OVERSOLD(25),SMA50x100:DEATH
2026-03-17,AXIA3.SA,57.76,buy,41.5,50.7,56.7159,52.0173,8.28,61.4145,8.28,"Stop: -8.3% (2.0xATR, breakeven); Take: +8.3% (R:R 1.0:1); Tight: 0.8xATR apos 5d; TimeStop: 16d; HardStop: 2% gap",---,BULL(4d),BULL(1d),MIXED(B1/S2),---,---,BULL(1d),BULL(5d),---,BULL(4d),NEUTRAL(42),---
2026-03-17,ENGI11.SA,51.61,buy,73.2,50.6,50.8638,47.4095,6.79,54.3181,6.79,"Stop: -6.8% (2.0xATR, breakeven); Take: +6.8% (R:R 1.0:1); Tight: 0.8xATR apos 5d; TimeStop: 16d; HardStop: 2% gap",---,BULL(5d),BULL(1d),MIXED(B3/S2),---,MIXED(B2/S1),BULL(1d),BULL(5d),---,BULL(5d),NEUTRAL(36),---
2026-03-17,BTLG11.SA,103.78,buy,61.7,49.6,103.3959,101.6759,1.66,105.1159,1.66,"Stop: -1.7% (2.0xATR, breakeven); Take: +1.7% (R:R 1.0:1); Tight: 0.8xATR apos 5d; TimeStop: 16d; HardStop: 2% gap",BULL(3d),MIXED(B10/S1),---,BULL(2d),---,---,BULL(2d),BULL(10d),BULL(3d),MIXED(B10/S1),NEUTRAL(68),---
2026-03-17,RAIL3.SA,16.31,buy,81.5,49.1,16.0152,14.6566,8.48,17.3738,8.48,"Stop: -8.5% (2.0xATR, breakeven); Take: +8.5% (R:R 1.0:1); Tight: 0.8xATR apos 5d; TimeStop: 16d; HardStop: 2% gap",BULL(1d),BULL(3d),---,BULL(1d),---,MIXED(B1/S1),BULL(1d),BULL(5d),BULL(1d),BULL(5d),NEUTRAL(49),---
2026-03-17,VIVT3.SA,40.99,buy,38.5,48.8,40.4487,38.0201,6.0,42.8773,6.0,"Stop: -6.0% (2.0xATR, breakeven); Take: +6.0% (R:R 1.0:1); Tight: 0.8xATR apos 5d; TimeStop: 16d; HardStop: 2% gap",BULL(1d),BULL(5d),---,MIXED(B1/S1),---,BULL(2d),BULL(1d),BULL(6d),BULL(1d),BULL(5d),NEUTRAL(46),---
2026-03-17,CXSE3.SA,18.34,buy,70.8,48.7,18.1383,17.2169,5.08,19.0597,5.08,"Stop: -5.1% (2.0xATR, breakeven); Take: +5.1% (R:R 1.0:1); Tight: 0.8xATR apos 5d; TimeStop: 16d; HardStop: 2% gap",BULL(2d),BULL(7d),---,MIXED(B1/S2),---,MIXED(B1/S1),BULL(1d),BULL(9d),BULL(2d),BULL(7d),NEUTRAL(53),SMA20x50:DEATH
2026-03-17,PRIO3.SA,62.69,buy,76.8,47.4,61.3781,55.4024,9.74,67.3538,9.74,"Stop: -9.7% (2.0xATR, breakeven); Take: +9.7% (R:R 1.0:1); Tight: 0.8xATR apos 5d; TimeStop: 16d; HardStop: 2% gap",BULL(1d),MIXED(B3/S1),---,---,---,---,BULL(3d),MIXED(B11/S1),BULL(1d),MIXED(B6/S1),OVERBOUGHT(79),---
2026-03-17,ABCB4.SA,26.01,buy,67.3,47.1,25.649,24.039,6.28,27.259,6.28,"Stop: -6.3% (2.0xATR, breakeven); Take: +6.3% (R:R 1.0:1); Tight: 0.8xATR apos 5d; TimeStop: 16d; HardStop: 2% gap",BULL(2d),BULL(5d),---,MIXED(B1/S2),---,MIXED(B1/S1),BULL(1d),BULL(5d),BULL(2d),BULL(5d),NEUTRAL(42),---
2026-03-17,ITSA4.SA,13.39,buy,44.0,45.9,13.2013,12.3627,6.35,14.0399,6.35,"Stop: -6.3% (2.0xATR, breakeven); Take: +6.3% (R:R 1.0:1); Tight: 0.8xATR apos 5d; TimeStop: 16d; HardStop: 2% gap",BULL(2d),BULL(5d),BEAR(1d),MIXED(B2/S3),---,MIXED(B1/S1),BULL(2d),BULL(6d),BULL(2d),BULL(5d),NEUTRAL(41),---
2026-03-17,ISAE4.SA,28.22,buy,70.4,44.6,27.8912,26.4083,5.32,29.3741,5.32,"Stop: -5.3% (2.0xATR, breakeven); Take: +5.3% (R:R 1.0:1); Tight: 0.8xATR apos 5d; TimeStop: 16d; HardStop: 2% gap",BULL(3d),BULL(7d),---,MIXED(B2/S1),---,BULL(2d),BULL(2d),BULL(8d),BULL(3d),BULL(7d),NEUTRAL(48),---
2026-03-17,XPBR31.SA,98.86,buy,55.8,44.4,96.4461,85.6661,11.18,107.2261,11.18,"Stop: -11.2% (2.0xATR, breakeven); Take: +11.2% (R:R 1.0:1); Tight: 0.8xATR apos 5d; TimeStop: 16d; HardStop: 2% gap",BULL(2d),BULL(2d),---,---,---,---,BULL(1d),BULL(6d),BULL(2d),BULL(4d),NEUTRAL(40),SMA20x50:DEATH
2026-03-17,VISC11.SA,110.1,buy,53.6,38.6,109.5622,107.1493,2.2,111.9751,2.2,"Stop: -2.2% (2.0xATR, breakeven); Take: +2.2% (R:R 1.0:1); Tight: 0.8xATR apos 5d; TimeStop: 16d; HardStop: 2% gap",---,BULL(6d),BULL(1d),BULL(3d),---,BULL(2d),BULL(2d),BULL(7d),---,BULL(6d),NEUTRAL(43),---
2026-03-17,ITUB4.SA,42.71,buy,45.8,37.8,42.1299,39.5399,6.15,44.7199,6.15,"Stop: -6.2% (2.0xATR, breakeven); Take: +6.2% (R:R 1.0:1); Tight: 0.8xATR apos 5d; TimeStop: 16d; HardStop: 2% gap",BULL(2d),BULL(4d),---,BULL(2d),---,BULL(1d),BULL(1d),BULL(5d),BULL(2d),BULL(4d),NEUTRAL(33),---
2026-03-17,MGLU3.SA,9.04,buy,66.1,36.7,8.7846,7.6389,13.04,9.9303,13.04,"Stop: -13.0% (2.0xATR, breakeven); Take: +13.0% (R:R 1.0:1); Tight: 0.8xATR apos 5d; TimeStop: 16d; HardStop: 2% gap",---,BULL(1d),---,BEAR(1d),---,MIXED(B2/S2),BULL(1d),BULL(5d),---,BULL(5d),NEUTRAL(39),SMA5x20:DEATH
2026-03-17,SANB11.SA,30.1,hold,1.6,89.2,29.6849,28.05,6.81,32.15,6.81,"Stop: -6.8% (2.0xATR, breakeven); Take: +6.8% (R:R 1.0:1); Tight: 0.8xATR apos 5d; TimeStop: 16d; HardStop: 2% gap",BULL(1d),BULL(4d),---,MIXED(B1/S1),---,BULL(1d),BULL(1d),BULL(5d),BULL(1d),BULL(4d),OVERSOLD(28),---
2026-03-17,MBRF3.SA,16.62,hold,1.0,83.3,16.3046,15.0657,9.35,18.1743,9.35,"Stop: -9.3% (2.0xATR, breakeven); Take: +9.3% (R:R 1.0:1); Tight: 0.8xATR apos 5d; TimeStop: 16d; HardStop: 2% gap",BULL(1d),BULL(2d),---,BULL(1d),---,BULL(1d),BULL(1d),MIXED(B3/S1),BULL(1d),BULL(2d),NEUTRAL(35),---
2026-03-17,CSAN3.SA,5.22,hold,14.3,82.4,5.0771,4.5329,13.16,5.9071,13.16,"Stop: -13.2% (2.0xATR, breakeven); Take: +13.2% (R:R 1.0:1); Tight: 0.8xATR apos 5d; TimeStop: 16d; HardStop: 2% gap",---,---,---,BULL(1d),---,MIXED(B1/S1),BULL(1d),BULL(4d),---,BULL(2d),NEUTRAL(32),SMA20x50:DEATH
2026-03-17,UNIP6.SA,66.83,hold,10.5,80.6,65.9292,62.5586,6.39,71.1014,6.39,"Stop: -6.4% (2.0xATR, breakeven); Take: +6.4% (R:R 1.0:1); Tight: 0.8xATR apos 5d; TimeStop: 16d; HardStop: 2% gap",---,MIXED(B1/S1),---,---,---,BULL(1d),BULL(2d),MIXED(B5/S1),---,MIXED(B1/S1),OVERSOLD(30),---
2026-03-17,SUZB3.SA,53.11,hold,18.7,80.2,52.5451,50.3686,5.16,55.8514,5.16,"Stop: -5.2% (2.0xATR, breakeven); Take: +5.2% (R:R 1.0:1); Tight: 0.8xATR apos 5d; TimeStop: 16d; HardStop: 2% gap",---,---,---,MIXED(B1/S1),---,---,---,BULL(2d),---,---,OVERSOLD(29),---
2026-03-17,RCRB11.SA,141.87,hold,18.5,74.4,140.8882,137.2257,3.27,146.5143,3.27,"Stop: -3.3% (2.0xATR, breakeven); Take: +3.3% (R:R 1.0:1); Tight: 0.8xATR apos 5d; TimeStop: 16d; HardStop: 2% gap",---,BULL(5d),---,MIXED(B1/S1),---,MIXED(B1/S1),MIXED(B2/S1),MIXED(B9/S1),---,BULL(5d),NEUTRAL(56),SMA5x20:GOLDEN
2026-03-17,RAIZ4.SA,0.61,hold,15.5,74.4,0.5841,0.4857,20.38,0.7343,20.38,"Stop: -20.4% (2.0xATR, breakeven); Take: +20.4% (R:R 1.0:1); Tight: 0.8xATR apos 5d; TimeStop: 16d; HardStop: 2% gap",---,---,---,---,---,BULL(1d),BULL(2d),MIXED(B4/S2),BULL(1d),MIXED(B1/S1),NEUTRAL(47),---
2026-03-17,BTC-USD,73922.4766,hold,87.7,74.2,72718.0261,68208.9509,7.73,79636.0022,7.73,"Stop: -7.7% (2.0xATR, breakeven); Take: +7.7% (R:R 1.0:1); Tight: 0.8xATR apos 5d; TimeStop: 16d; HardStop: 2% gap",BULL(3d),BULL(7d),BULL(1d),MIXED(B2/S1),---,MIXED(B2/S2),BULL(3d),BULL(11d),BULL(3d),BULL(10d),NEUTRAL(52),---
2026-03-17,CVCB3.SA,1.94,hold,2.6,73.5,1.8992,1.7386,10.38,2.1414,10.38,"Stop: -10.4% (2.0xATR, breakeven); Take: +10.4% (R:R 1.0:1); Tight: 0.8xATR apos 5d; TimeStop: 16d; HardStop: 2% gap",---,BULL(1d),---,BULL(1d),---,BULL(1d),BULL(1d),BULL(4d),---,BULL(1d),NEUTRAL(33),---
2026-03-17,BEEF3.SA,4.36,hold,3.4,73.4,4.2924,4.03,7.57,4.69,7.57,"Stop: -7.6% (2.0xATR, breakeven); Take: +7.6% (R:R 1.0:1); Tight: 0.8xATR apos 5d; TimeStop: 16d; HardStop: 2% gap",BULL(2d),BULL(2d),---,---,---,---,BULL(1d),BULL(3d),BULL(2d),BULL(2d),OVERSOLD(18),---
2026-03-17,VALE3.SA,78.96,hold,5.4,73.2,77.918,73.9029,6.4,84.0171,6.4,"Stop: -6.4% (2.0xATR, breakeven); Take: +6.4% (R:R 1.0:1); Tight: 0.8xATR apos 5d; TimeStop: 16d; HardStop: 2% gap",BULL(1d),BULL(3d),BEAR(1d),MIXED(B3/S2),---,BULL(2d),BULL(2d),BULL(4d),BULL(1d),BULL(3d),OVERSOLD(30),---
2026-03-17,TGMA3.SA,29.88,hold,11.7,73.0,29.2566,26.9043,9.96,32.8557,9.96,"Stop: -10.0% (2.0xATR, breakeven); Take: +10.0% (R:R 1.0:1); Tight: 0.8xATR apos 5d; TimeStop: 16d; HardStop: 2% gap",---,---,---,BEAR(1d),---,---,BULL(1d),MIXED(B4/S2),---,---,OVERSOLD(9),---
2026-03-17,KNRI11.SA,164.68,hold,13.1,73.0,163.9152,161.0928,2.18,168.2671,2.18,"Stop: -2.2% (2.0xATR, breakeven); Take: +2.2% (R:R 1.0:1); Tight: 0.8xATR apos 5d; TimeStop: 16d; HardStop: 2% gap",---,BULL(4d),---,MIXED(B3/S2),---,BULL(1d),---,MIXED(B4/S1),---,BULL(4d),NEUTRAL(42),---
2026-03-17,BPAC11.SA,56.1,hold,18.3,72.7,55.0821,51.2986,8.56,60.9014,8.56,"Stop: -8.6% (2.0xATR, breakeven); Take: +8.6% (R:R 1.0:1); Tight: 0.8xATR apos 5d; TimeStop: 16d; HardStop: 2% gap",BULL(1d),BULL(5d),---,BULL(1d),---,MIXED(B1/S1),BULL(2d),BULL(6d),BULL(1d),BULL(5d),NEUTRAL(39),---
2026-03-17,CSMG3.SA,54.57,hold,16.9,72.1,53.7603,50.8043,6.9,58.3357,6.9,"Stop: -6.9% (2.0xATR, breakeven); Take: +6.9% (R:R 1.0:1); Tight: 0.8xATR apos 5d; TimeStop: 16d; HardStop: 2% gap",BULL(2d),BULL(5d),---,MIXED(B2/S2),---,---,BULL(2d),BULL(7d),BULL(2d),BULL(5d),NEUTRAL(53),SMA20x50:DEATH
2026-03-17,LAVV3.SA,15.02,hold,33.9,71.5,14.7344,13.6943,8.83,16.3457,8.83,"Stop: -8.8% (2.0xATR, breakeven); Take: +8.8% (R:R 1.0:1); Tight: 0.8xATR apos 5d; TimeStop: 16d; HardStop: 2% gap",---,BULL(3d),---,MIXED(B1/S2),---,BULL(1d),BULL(1d),BULL(3d),---,BULL(3d),OVERSOLD(15),SMA20x50:DEATH
2026-03-17,ASAI3.SA,7.95,hold,23.4,71.5,7.7863,7.1786,9.7,8.7214,9.7,"Stop: -9.7% (2.0xATR, breakeven); Take: +9.7% (R:R 1.0:1); Tight: 0.8xATR apos 5d; TimeStop: 16d; HardStop: 2% gap",BULL(1d),BULL(4d),---,BEAR(1d),---,MIXED(B1/S1),BULL(2d),BULL(5d),BULL(1d),BULL(4d),NEUTRAL(32),---
2026-03-17,GRND3.SA,4.57,hold,36.9,71.2,4.5063,4.2743,6.47,4.8657,6.47,"Stop: -6.5% (2.0xATR, breakeven); Take: +6.5% (R:R 1.0:1); Tight: 0.8xATR apos 5d; TimeStop: 16d; HardStop: 2% gap",BULL(2d),BULL(5d),---,MIXED(B1/S1),---,BEAR(1d),BULL(1d),BULL(6d),BULL(2d),BULL(5d),NEUTRAL(37),---
2026-03-17,BCIA11.SA,93.92,hold,31.9,71.2,93.3479,91.2414,2.85,96.5986,2.85,"Stop: -2.9% (2.0xATR, breakeven); Take: +2.9% (R:R 1.0:1); Tight: 0.8xATR apos 5d; TimeStop: 16d; HardStop: 2% gap",BULL(2d),BULL(5d),---,MIXED(B1/S1),---,BEAR(1d),BULL(2d),BULL(5d),BULL(2d),BULL(5d),NEUTRAL(48),---
2026-03-17,PSSA3.SA,48.0,hold,14.1,71.0,47.4133,45.2686,5.69,50.7314,5.69,"Stop: -5.7% (2.0xATR, breakeven); Take: +5.7% (R:R 1.0:1); Tight: 0.8xATR apos 5d; TimeStop: 16d; HardStop: 2% gap",BULL(1d),BULL(4d),---,MIXED(B2/S2),---,MIXED(B2/S1),BULL(1d),BULL(5d),BULL(1d),BULL(4d),NEUTRAL(32),---
2026-03-17,HFOF11.SA,6.82,hold,31.3,69.2,6.7842,6.6529,2.45,6.9871,2.45,"Stop: -2.5% (2.0xATR, breakeven); Take: +2.5% (R:R 1.0:1); Tight: 0.8xATR apos 5d; TimeStop: 16d; HardStop: 2% gap",---,BULL(8d),---,MIXED(B1/S1),---,BULL(1d),BULL(2d),BULL(6d),---,BULL(8d),NEUTRAL(51),---
2026-03-17,XPLG11.SA,101.71,hold,17.1,68.9,101.359,100.0571,1.63,103.3629,1.63,"Stop: -1.6% (2.0xATR, breakeven); Take: +1.6% (R:R 1.0:1); Tight: 0.8xATR apos 5d; TimeStop: 16d; HardStop: 2% gap",---,BULL(7d),---,MIXED(B1/S1),---,---,BULL(1d),BULL(6d),---,BULL(7d),NEUTRAL(44),SMA5x20:DEATH
2026-03-17,HAPV3.SA,8.62,hold,25.0,68.8,8.4207,7.6886,10.81,9.5514,10.81,"Stop: -10.8% (2.0xATR, breakeven); Take: +10.8% (R:R 1.0:1); Tight: 0.8xATR apos 5d; TimeStop: 16d; HardStop: 2% gap",---,BULL(1d),---,BULL(2d),---,BULL(1d),BULL(1d),BULL(3d),---,BULL(2d),OVERSOLD(22),---
2026-03-17,WIZC3.SA,9.0,hold,14.1,67.7,8.8738,8.4043,6.62,9.5957,6.62,"Stop: -6.6% (2.0xATR, breakeven); Take: +6.6% (R:R 1.0:1); Tight: 0.8xATR apos 5d; TimeStop: 16d; HardStop: 2% gap",BULL(1d),BULL(8d),---,BEAR(1d),---,BEAR(1d),BULL(1d),BULL(5d),BULL(1d),BULL(8d),NEUTRAL(37),SMA5x20:DEATH
2026-03-17,BBDC4.SA,18.85,hold,6.7,67.6,18.5528,17.4329,7.52,20.2671,7.52,"Stop: -7.5% (2.0xATR, breakeven); Take: +7.5% (R:R 1.0:1); Tight: 0.8xATR apos 5d; TimeStop: 16d; HardStop: 2% gap",---,BULL(4d),---,MIXED(B2/S1),---,MIXED(B1/S1),BULL(1d),BULL(5d),---,BULL(4d),OVERSOLD(27),---
2026-03-17,IVVB11.SA,393.15,hold,19.4,67.5,391.0584,383.3771,2.49,402.9228,2.49,"Stop: -2.5% (2.0xATR, breakeven); Take: +2.5% (R:R 1.0:1); Tight: 0.8xATR apos 5d; TimeStop: 16d; HardStop: 2% gap",BULL(2d),BULL(7d),---,MIXED(B1/S1),---,---,---,BULL(5d),BULL(2d),BULL(7d),NEUTRAL(33),---
2026-03-17,IGTI11.SA,26.93,hold,34.9,67.5,26.522,25.0429,7.01,28.8171,7.01,"Stop: -7.0% (2.0xATR, breakeven); Take: +7.0% (R:R 1.0:1); Tight: 0.8xATR apos 5d; TimeStop: 16d; HardStop: 2% gap",BULL(1d),BULL(4d),---,MIXED(B2/S1),---,BULL(2d),BULL(2d),BULL(5d),BULL(1d),BULL(4d),NEUTRAL(40),---
2026-03-17,CRO-USD,0.0795,hold,85.9,67.3,0.0785,0.075,5.65,0.084,5.67,"Stop: -5.7% (2.0xATR, breakeven); Take: +5.7% (R:R 1.0:1); Tight: 0.8xATR apos 5d; TimeStop: 16d; HardStop: 2% gap",BULL(4d),BULL(10d),---,BULL(1d),---,MIXED(B2/S1),BULL(3d),BULL(11d),BULL(4d),BULL(10d),NEUTRAL(47),SMA5x20:GOLDEN
2026-03-17,RBRF11.SA,6.65,hold,41.3,67.0,6.65,6.65,0.0,6.65,0.0,"Stop: -0.0% (2.0xATR, breakeven); Take: +0.0% (R:R 1.0:1); Tight: 0.8xATR apos 5d; TimeStop: 16d; HardStop: 2% gap",---,---,---,---,---,---,---,---,---,---,OVERBOUGHT(99),---
2026-03-17,EZTC3.SA,13.53,hold,31.5,66.9,13.263,12.2771,9.26,14.7829,9.26,"Stop: -9.3% (2.0xATR, breakeven); Take: +9.3% (R:R 1.0:1); Tight: 0.8xATR apos 5d; TimeStop: 16d; HardStop: 2% gap",---,BULL(3d),---,MIXED(B1/S2),---,BULL(2d),BULL(1d),BULL(4d),---,BULL(3d),OVERSOLD(26),---
2026-03-17,MDIA3.SA,21.96,hold,34.5,66.4,21.609,20.3243,7.45,23.5957,7.45,"Stop: -7.5% (2.0xATR, breakeven); Take: +7.5% (R:R 1.0:1); Tight: 0.8xATR apos 5d; TimeStop: 16d; HardStop: 2% gap",---,BULL(4d),---,BEAR(2d),---,BEAR(1d),BULL(1d),MIXED(B4/S1),---,BULL(4d),OVERSOLD(26),SMA50x100:DEATH
2026-03-17,MULT3.SA,30.85,hold,30.2,65.7,30.3496,28.5314,7.52,33.1686,7.52,"Stop: -7.5% (2.0xATR, breakeven); Take: +7.5% (R:R 1.0:1); Tight: 0.8xATR apos 5d; TimeStop: 16d; HardStop: 2% gap",---,BULL(3d),---,MIXED(B1/S2),---,BULL(1d),BULL(2d),BULL(4d),---,BULL(3d),NEUTRAL(36),SMA20x50:DEATH
2026-03-17,JHSF3.SA,8.84,hold,22.8,65.5,8.7019,8.1957,7.29,9.4843,7.29,"Stop: -7.3% (2.0xATR, breakeven); Take: +7.3% (R:R 1.0:1); Tight: 0.8xATR apos 5d; TimeStop: 16d; HardStop: 2% gap",BULL(1d),BULL(3d),---,MIXED(B1/S1),---,BULL(1d),BULL(2d),BULL(5d),BULL(1d),BULL(3d),NEUTRAL(41),---
2026-03-17,POMO4.SA,5.96,hold,9.1,64.1,5.8636,5.5043,7.65,6.4157,7.65,"Stop: -7.7% (2.0xATR, breakeven); Take: +7.7% (R:R 1.0:1); Tight: 0.8xATR apos 5d; TimeStop: 16d; HardStop: 2% gap",---,BULL(2d),---,BULL(2d),---,BULL(2d),BULL(2d),BULL(3d),---,BULL(2d),OVERSOLD(29),SMA20x50:DEATH
2026-03-17,AXIA6.SA,63.0,hold,7.7,63.2,61.9297,57.9386,8.03,68.0614,8.03,"Stop: -8.0% (2.0xATR, breakeven); Take: +8.0% (R:R 1.0:1); Tight: 0.8xATR apos 5d; TimeStop: 16d; HardStop: 2% gap",---,BULL(4d),BULL(1d),MIXED(B2/S1),---,---,BULL(1d),BULL(5d),---,BULL(4d),NEUTRAL(44),---
2026-03-17,KFOF11.SA,82.46,hold,10.5,62.8,82.0693,80.5657,2.3,84.3543,2.3,"Stop: -2.3% (2.0xATR, breakeven); Take: +2.3% (R:R 1.0:1); Tight: 0.8xATR apos 5d; TimeStop: 16d; HardStop: 2% gap",BULL(1d),BULL(3d),---,MIXED(B2/S1),---,MIXED(B1/S1),---,MIXED(B3/S1),BULL(1d),BULL(3d),NEUTRAL(35),---
2026-03-17,HGBS11.SA,20.34,hold,36.5,61.9,20.2608,19.9757,1.79,20.7043,1.79,"Stop: -1.8% (2.0xATR, breakeven); Take: +1.8% (R:R 1.0:1); Tight: 0.8xATR apos 5d; TimeStop: 16d; HardStop: 2% gap",---,BULL(4d),---,MIXED(B1/S2),---,---,---,BULL(6d),---,BULL(4d),NEUTRAL(42),SMA5x20:DEATH
2026-03-17,BBAS3.SA,23.67,hold,36.7,61.7,23.3054,21.9886,7.1,25.3514,7.1,"Stop: -7.1% (2.0xATR, breakeven); Take: +7.1% (R:R 1.0:1); Tight: 0.8xATR apos 5d; TimeStop: 16d; HardStop: 2% gap",---,BULL(2d),---,BULL(1d),---,BULL(1d),BULL(1d),BULL(4d),---,BULL(2d),NEUTRAL(31),SMA20x50:DEATH
2026-03-17,EGIE3.SA,31.88,hold,26.4,60.6,31.4925,30.1029,5.57,33.6571,5.57,"Stop: -5.6% (2.0xATR, breakeven); Take: +5.6% (R:R 1.0:1); Tight: 0.8xATR apos 5d; TimeStop: 16d; HardStop: 2% gap",BULL(1d),BULL(5d),BEAR(1d),MIXED(B2/S3),---,MIXED(B2/S1),BULL(1d),BULL(5d),BULL(1d),BULL(5d),NEUTRAL(39),---
2026-03-17,TRXF11.SA,91.86,hold,56.3,60.1,91.6936,91.1014,0.83,92.6186,0.83,"Stop: -0.8% (2.0xATR, breakeven); Take: +0.8% (R:R 1.0:1); Tight: 0.8xATR apos 5d; TimeStop: 16d; HardStop: 2% gap",BULL(2d),BULL(4d),---,BULL(1d),---,---,---,BULL(5d),BULL(2d),BULL(4d),NEUTRAL(36),---
2026-03-17,SBSP3.SA,145.3791,hold,39.3,59.4,143.3705,136.2716,6.26,154.4867,6.26,"Stop: -6.3% (2.0xATR, breakeven); Take: +6.3% (R:R 1.0:1); Tight: 0.8xATR apos 5d; TimeStop: 16d; HardStop: 2% gap",BULL(3d),BULL(6d),---,MIXED(B2/S2),---,MIXED(B2/S1),BULL(3d),BULL(7d),BULL(3d),BULL(6d),NEUTRAL(59),SMA20x50:DEATH
2026-03-17,KLBN11.SA,19.28,hold,30.2,58.2,19.0733,18.3171,4.99,20.2429,4.99,"Stop: -5.0% (2.0xATR, breakeven); Take: +5.0% (R:R 1.0:1); Tight: 0.8xATR apos 5d; TimeStop: 16d; HardStop: 2% gap",BULL(2d),BULL(5d),BEAR(1d),BEAR(2d),---,---,BULL(2d),BULL(7d),BULL(2d),BULL(5d),NEUTRAL(34),SMA20x50:DEATH
2026-03-17,CYRE3.SA,27.4,hold,18.1,57.5,26.8697,24.8843,9.18,29.9157,9.18,"Stop: -9.2% (2.0xATR, breakeven); Take: +9.2% (R:R 1.0:1); Tight: 0.8xATR apos 5d; TimeStop: 16d; HardStop: 2% gap",---,BULL(2d),---,BULL(1d),---,MIXED(B1/S1),BULL(2d),BULL(5d),---,BULL(2d),NEUTRAL(36),---
2026-03-17,VULC3.SA,16.5,hold,9.7,57.5,16.2404,15.2486,7.58,17.7514,7.58,"Stop: -7.6% (2.0xATR, breakeven); Take: +7.6% (R:R 1.0:1); Tight: 0.8xATR apos 5d; TimeStop: 16d; HardStop: 2% gap",BULL(2d),BULL(3d),BEAR(1d),MIXED(B1/S3),---,BULL(1d),BULL(1d),BULL(3d),BULL(2d),BULL(3d),OVERSOLD(28),SMA20x50:DEATH
2026-03-17,HGPO11.SA,150.41,hold,52.4,57.4,149.8492,147.9057,1.66,152.9143,1.66,"Stop: -1.7% (2.0xATR, breakeven); Take: +1.7% (R:R 1.0:1); Tight: 0.8xATR apos 5d; TimeStop: 16d; HardStop: 2% gap",BULL(3d),BULL(5d),---,MIXED(B2/S1),---,BULL(1d),BULL(3d),BULL(8d),BULL(3d),BULL(5d),NEUTRAL(56),SMA5x20:GOLDEN
2026-03-17,SYNE3.SA,4.66,hold,22.0,57.3,4.6079,4.4143,5.27,4.9057,5.27,"Stop: -5.3% (2.0xATR, breakeven); Take: +5.3% (R:R 1.0:1); Tight: 0.8xATR apos 5d; TimeStop: 16d; HardStop: 2% gap",BULL(2d),BULL(3d),---,BEAR(2d),---,BEAR(1d),BULL(1d),BULL(4d),BULL(2d),BULL(3d),NEUTRAL(42),---
2026-03-17,CPFE3.SA,48.71,hold,45.4,56.7,48.0774,45.8971,5.77,51.5229,5.77,"Stop: -5.8% (2.0xATR, breakeven); Take: +5.8% (R:R 1.0:1); Tight: 0.8xATR apos 5d; TimeStop: 16d; HardStop: 2% gap",BULL(3d),BULL(6d),BEAR(1d),MIXED(B2/S3),---,MIXED(B2/S1),BULL(1d),BULL(5d),BULL(3d),BULL(6d),NEUTRAL(42),---
2026-03-17,DOGE-USD,0.1002,hold,85.3,56.3,0.0978,0.0893,10.84,0.111,10.82,"Stop: -10.8% (2.0xATR, breakeven); Take: +10.8% (R:R 1.0:1); Tight: 0.8xATR apos 5d; TimeStop: 16d; HardStop: 2% gap",BULL(2d),BULL(2d),---,MIXED(B1/S1),---,MIXED(B2/S3),BULL(3d),BULL(10d),BULL(3d),BULL(8d),NEUTRAL(48),---
2026-03-17,SOL-USD,94.706,hold,88.5,56.0,92.7873,85.6496,9.56,103.7623,9.56,"Stop: -9.6% (2.0xATR, breakeven); Take: +9.6% (R:R 1.0:1); Tight: 0.8xATR apos 5d; TimeStop: 16d; HardStop: 2% gap",BULL(2d),BULL(5d),---,BEAR(1d),BEAR(1d),MIXED(B2/S4),BULL(2d),BULL(11d),BULL(4d),BULL(11d),NEUTRAL(52),---
2026-03-17,GGBR4.SA,17.66,hold,10.7,55.8,17.4231,16.5143,6.49,18.8057,6.49,"Stop: -6.5% (2.0xATR, breakeven); Take: +6.5% (R:R 1.0:1); Tight: 0.8xATR apos 5d; TimeStop: 16d; HardStop: 2% gap",---,BULL(1d),---,MIXED(B1/S1),---,---,BULL(1d),BULL(3d),---,BULL(1d),OVERSOLD(14),SMA50x100:DEATH
2026-03-17,EQTL3.SA,40.56,hold,17.9,55.7,39.9885,37.8729,6.63,43.2471,6.62,"Stop: -6.6% (2.0xATR, breakeven); Take: +6.6% (R:R 1.0:1); Tight: 0.8xATR apos 5d; TimeStop: 16d; HardStop: 2% gap",BULL(2d),BULL(5d),BEAR(1d),MIXED(B2/S2),---,BULL(2d),BULL(2d),BULL(5d),BULL(2d),BULL(5d),NEUTRAL(43),SMA20x50:DEATH
2026-03-17,VBBR3.SA,30.55,hold,46.2,55.5,29.9888,28.0443,8.2,33.0557,8.2,"Stop: -8.2% (2.0xATR, breakeven); Take: +8.2% (R:R 1.0:1); Tight: 0.8xATR apos 5d; TimeStop: 16d; HardStop: 2% gap",BULL(2d),BULL(6d),---,BEAR(1d),---,BULL(1d),BULL(2d),BULL(8d),BULL(2d),BULL(6d),NEUTRAL(46),SMA5x20:DEATH
2026-03-17,TAEE11.SA,42.32,hold,12.1,54.6,41.8698,40.1843,5.05,44.4557,5.05,"Stop: -5.0% (2.0xATR, breakeven); Take: +5.0% (R:R 1.0:1); Tight: 0.8xATR apos 5d; TimeStop: 16d; HardStop: 2% gap",BULL(3d),BULL(6d),BEAR(1d),MIXED(B2/S3),---,MIXED(B2/S1),BULL(1d),BULL(6d),BULL(3d),BULL(6d),NEUTRAL(38),SMA20x50:DEATH
2026-03-17,SAPR11.SA,41.54,hold,45.4,54.6,40.8587,38.5086,7.3,44.5714,7.3,"Stop: -7.3% (2.0xATR, breakeven); Take: +7.3% (R:R 1.0:1); Tight: 0.8xATR apos 5d; TimeStop: 16d; HardStop: 2% gap",BULL(2d),BULL(4d),---,---,---,---,BULL(2d),BULL(4d),BULL(2d),BULL(4d),NEUTRAL(43),---
2026-03-17,BBSE3.SA,34.92,hold,29.0,53.4,34.6086,33.4829,4.12,36.3571,4.12,"Stop: -4.1% (2.0xATR, breakeven); Take: +4.1% (R:R 1.0:1); Tight: 0.8xATR apos 5d; TimeStop: 16d; HardStop: 2% gap",BULL(2d),BULL(8d),BEAR(1d),MIXED(B1/S3),---,MIXED(B1/S1),BULL(1d),BULL(6d),BULL(2d),BULL(8d),NEUTRAL(49),SMA20x50:GOLDEN
2026-03-17,CMIG4.SA,11.92,hold,33.5,53.2,11.7864,11.3257,4.99,12.5143,4.99,"Stop: -5.0% (2.0xATR, breakeven); Take: +5.0% (R:R 1.0:1); Tight: 0.8xATR apos 5d; TimeStop: 16d; HardStop: 2% gap",BULL(3d),BULL(7d),---,MIXED(B2/S2),---,MIXED(B1/S1),BULL(1d),BULL(5d),BULL(3d),BULL(7d),NEUTRAL(51),SMA5x20:GOLDEN
2026-03-17,GGRC11.SA,10.22,hold,59.9,53.0,10.1663,9.9814,2.33,10.4586,2.33,"Stop: -2.3% (2.0xATR, breakeven); Take: +2.3% (R:R 1.0:1); Tight: 0.8xATR apos 5d; TimeStop: 16d; HardStop: 2% gap",BULL(2d),MIXED(B6/S1),---,MIXED(B1/S2),---,---,BULL(1d),BULL(7d),BULL(2d),MIXED(B6/S1),NEUTRAL(54),---
2026-03-17,CSNA3.SA,6.34,hold,26.4,52.3,6.1631,5.5086,13.11,7.1714,13.11,"Stop: -13.1% (2.0xATR, breakeven); Take: +13.1% (R:R 1.0:1); Tight: 0.8xATR apos 5d; TimeStop: 16d; HardStop: 2% gap",---,MIXED(B1/S1),---,BEAR(1d),---,---,BULL(2d),MIXED(B4/S1),BULL(1d),MIXED(B2/S1),OVERSOLD(27),---
2026-03-06,IRDM11.SA,58.5,hold,17.7,51.8,58.5,58.5,0.0,58.5,0.0,"Stop: -0.0% (2.0xATR, breakeven); Take: +0.0% (R:R 1.0:1); Tight: 0.8xATR apos 5d; TimeStop: 16d; HardStop: 2% gap",---,---,---,---,---,---,---,---,---,---,OVERBOUGHT(97),---
2026-03-17,GOAU4.SA,7.99,hold,12.1,51.2,7.8856,7.4914,6.24,8.4886,6.24,"Stop: -6.2% (2.0xATR, breakeven); Take: +6.2% (R:R 1.0:1); Tight: 0.8xATR apos 5d; TimeStop: 16d; HardStop: 2% gap",---,BULL(1d),---,MIXED(B1/S1),---,---,BULL(1d),BULL(3d),---,BULL(1d),OVERSOLD(18),---
2026-03-17,BRCR11.SA,48.25,hold,49.8,51.2,47.983,47.0214,2.55,49.4786,2.55,"Stop: -2.5% (2.0xATR, breakeven); Take: +2.5% (R:R 1.0:1); Tight: 0.8xATR apos 5d; TimeStop: 16d; HardStop: 2% gap",---,BULL(5d),---,MIXED(B2/S1),---,BULL(2d),---,BULL(7d),---,BULL(5d),NEUTRAL(51),---
2026-03-17,KNHY11.SA,99.49,hold,61.9,51.2,99.1036,97.7614,1.74,101.2186,1.74,"Stop: -1.7% (2.0xATR, breakeven); Take: +1.7% (R:R 1.0:1); Tight: 0.8xATR apos 5d; TimeStop: 16d; HardStop: 2% gap",---,BULL(5d),BEAR(1d),MIXED(B2/S2),---,MIXED(B2/S1),MIXED(B2/S1),MIXED(B8/S1),---,BULL(5d),NEUTRAL(57),SMA5x20:GOLDEN
2026-03-17,VINO11.SA,5.15,hold,54.0,51.0,5.103,4.9357,4.16,5.3643,4.16,"Stop: -4.2% (2.0xATR, breakeven); Take: +4.2% (R:R 1.0:1); Tight: 0.8xATR apos 5d; TimeStop: 16d; HardStop: 2% gap",BULL(1d),BULL(4d),---,---,---,---,BULL(2d),BULL(5d),BULL(1d),BULL(4d),NEUTRAL(36),SMA20x50:DEATH
2026-03-17,ETH-USD,2318.0535,hold,80.0,50.1,2269.8692,2094.393,9.65,2541.7139,9.65,"Stop: -9.7% (2.0xATR, breakeven); Take: +9.7% (R:R 1.0:1); Tight: 0.8xATR apos 5d; TimeStop: 16d; HardStop: 2% gap",BULL(1d),BULL(5d),---,BEAR(1d),BEAR(1d),MIXED(B2/S3),BULL(3d),BULL(11d),BULL(3d),BULL(10d),NEUTRAL(56),---
2026-03-17,LTC-USD,58.0947,hold,74.0,49.8,57.2685,54.2988,6.53,61.8905,6.53,"Stop: -6.5% (2.0xATR, breakeven); Take: +6.5% (R:R 1.0:1); Tight: 0.8xATR apos 5d; TimeStop: 16d; HardStop: 2% gap",BULL(3d),BULL(10d),BULL(1d),MIXED(B2/S1),BEAR(1d),MIXED(B2/S3),BULL(2d),BULL(9d),BULL(3d),BULL(10d),NEUTRAL(51),---
2026-03-17,HGLG11.SA,156.16,hold,7.9,49.7,155.7256,154.1,1.32,158.22,1.32,"Stop: -1.3% (2.0xATR, breakeven); Take: +1.3% (R:R 1.0:1); Tight: 0.8xATR apos 5d; TimeStop: 16d; HardStop: 2% gap",---,BULL(6d),---,BEAR(1d),---,BEAR(1d),---,BULL(5d),---,BULL(6d),OVERSOLD(29),---
2026-03-17,LREN3.SA,15.12,hold,20.2,49.7,14.8495,13.8414,8.46,16.3986,8.46,"Stop: -8.5% (2.0xATR, breakeven); Take: +8.5% (R:R 1.0:1); Tight: 0.8xATR apos 5d; TimeStop: 16d; HardStop: 2% gap",BULL(2d),BULL(4d),---,MIXED(B3/S1),---,MIXED(B1/S1),BULL(1d),BULL(6d),BULL(2d),BULL(5d),NEUTRAL(48),SMA20x50:DEATH
2026-03-17,TCSA3.SA,1.36,hold,48.4,46.5,1.3192,1.1743,13.65,1.5457,13.65,"Stop: -13.7% (2.0xATR, breakeven); Take: +13.7% (R:R 1.0:1); Tight: 0.8xATR apos 5d; TimeStop: 16d; HardStop: 2% gap",---,---,---,---,---,---,MIXED(B1/S1),MIXED(B3/S2),---,BULL(1d),NEUTRAL(38),---
2026-03-17,XPML11.SA,109.2,hold,66.3,46.3,108.8364,107.5757,1.49,110.8243,1.49,"Stop: -1.5% (2.0xATR, breakeven); Take: +1.5% (R:R 1.0:1); Tight: 0.8xATR apos 5d; TimeStop: 16d; HardStop: 2% gap",---,---,BEAR(1d),MIXED(B1/S1),---,BULL(1d),BULL(1d),BULL(3d),---,---,NEUTRAL(42),SMA20x50:DEATH
2026-03-17,IRIM11.SA,63.97,hold,40.9,43.9,63.6681,62.5971,2.15,65.3429,2.15,"Stop: -2.1% (2.0xATR, breakeven); Take: +2.1% (R:R 1.0:1); Tight: 0.8xATR apos 5d; TimeStop: 16d; HardStop: 2% gap",BULL(1d),BULL(7d),BEAR(1d),MIXED(B1/S2),---,---,MIXED(B1/S1),MIXED(B5/S1),BULL(1d),BULL(7d),NEUTRAL(44),---
2026-03-17,RANI3.SA,9.33,hold,29.8,41.8,9.2057,8.7443,6.28,9.9157,6.28,"Stop: -6.3% (2.0xATR, breakeven); Take: +6.3% (R:R 1.0:1); Tight: 0.8xATR apos 5d; TimeStop: 16d; HardStop: 2% gap",---,BULL(5d),BEAR(1d),MIXED(B2/S3),---,BEAR(1d),BULL(2d),BULL(7d),---,BULL(5d),NEUTRAL(42),---
2026-03-17,DIRR3.SA,13.93,hold,27.8,41.5,13.6251,12.5486,9.92,15.3114,9.92,"Stop: -9.9% (2.0xATR, breakeven); Take: +9.9% (R:R 1.0:1); Tight: 0.8xATR apos 5d; TimeStop: 16d; HardStop: 2% gap",BULL(1d),BULL(2d),---,---,---,BULL(1d),BULL(1d),BULL(5d),BULL(1d),BULL(2d),NEUTRAL(35),SMA20x50:DEATH
2026-03-17,RBRP11.SA,51.86,hold,23.2,39.0,51.5168,50.2557,3.09,53.4643,3.09,"Stop: -3.1% (2.0xATR, breakeven); Take: +3.1% (R:R 1.0:1); Tight: 0.8xATR apos 5d; TimeStop: 16d; HardStop: 2% gap",BULL(1d),BULL(5d),BEAR(1d),MIXED(B1/S2),---,BEAR(1d),BULL(1d),BULL(5d),BULL(1d),BULL(5d),OVERSOLD(26),SMA50x100:DEATH
2026-03-17,LEVE3.SA,34.49,hold,49.2,32.2,34.0828,32.6257,5.41,36.3543,5.41,"Stop: -5.4% (2.0xATR, breakeven); Take: +5.4% (R:R 1.0:1); Tight: 0.8xATR apos 5d; TimeStop: 16d; HardStop: 2% gap",BULL(1d),BULL(5d),---,MIXED(B1/S1),---,MIXED(B1/S1),BULL(1d),BULL(4d),BULL(1d),BULL(5d),NEUTRAL(39),SMA20x50:DEATH
2026-03-17,ALZR11.SA,10.7,hold,50.4,32.1,10.6708,10.5686,1.23,10.8314,1.23,"Stop: -1.2% (2.0xATR, breakeven); Take: +1.2% (R:R 1.0:1); Tight: 0.8xATR apos 5d; TimeStop: 16d; HardStop: 2% gap",BULL(2d),BULL(4d),---,BULL(2d),---,BULL(2d),BULL(1d),BULL(4d),BULL(2d),BULL(4d),NEUTRAL(46),---
2026-03-17,TIMS3.SA,26.68,hold,38.3,30.7,26.3615,25.2571,5.33,28.1029,5.33,"Stop: -5.3% (2.0xATR, breakeven); Take: +5.3% (R:R 1.0:1); Tight: 0.8xATR apos 5d; TimeStop: 16d; HardStop: 2% gap",BULL(2d),BULL(5d),---,MIXED(B2/S2),---,BULL(2d),BULL(1d),BULL(5d),BULL(2d),BULL(5d),NEUTRAL(44),---
