ticker,n_trades,n_years,win_rate,win_rate_target,win_rate_target_robust,pct_exit_take,pct_exit_stop,pct_exit_time,ret_total,ret_ann_pct,bh_ann_pct,alpha_ann_pp,mdd_pct,sharpe,big_wins_pct,big_losses_pct,wr_non_target_pp,wr_non_target_robust_pp
RBRX11.SA,76,26.8,78.95,81.58,81.58,81.58,18.42,0.0,0.2814,0.93,1.31,-0.38,4.7,0.373,0.0,2.63,-2.6299999999999955,-2.6299999999999955
WIZC3.SA,136,26.8,77.21,72.79,72.79,72.79,27.21,0.0,4.2303,6.37,1.21,5.15,17.03,0.736,2.94,14.71,4.4199999999999875,4.4199999999999875
PETR4.SA,67,26.8,76.12,74.63,74.63,74.63,25.37,0.0,0.3012,0.99,12.12,-11.13,12.01,0.203,0.0,19.4,1.490000000000009,1.490000000000009
KFOF11.SA,136,26.8,75.0,76.47,76.47,76.47,23.53,0.0,0.7345,2.08,1.01,1.07,7.41,0.35,0.74,10.29,-1.4699999999999989,-1.4699999999999989
MULT3.SA,127,26.8,74.8,71.65,71.65,71.65,28.35,0.0,1.3025,3.16,6.95,-3.79,13.77,0.369,1.57,22.83,3.1499999999999915,3.1499999999999915
SLCE3.SA,47,26.8,74.47,65.96,65.96,65.96,34.04,0.0,0.8757,2.38,9.81,-7.44,12.22,0.424,6.38,25.53,8.510000000000005,8.510000000000005
BPAC11.SA,140,26.8,74.29,68.57,68.57,68.57,31.43,0.0,2.3646,4.63,11.14,-6.51,14.52,0.591,1.43,16.43,5.720000000000013,5.720000000000013
TGMA3.SA,202,26.8,74.26,63.86,63.86,63.86,36.14,0.0,9.2763,9.08,3.58,5.5,14.45,0.837,7.92,20.3,10.400000000000006,10.400000000000006
ETH-USD,31,26.8,74.19,45.16,45.16,45.16,54.84,0.0,1.3016,3.16,8.02,-4.86,12.88,0.4,29.03,25.81,29.03,29.03
CVCB3.SA,151,26.8,73.51,72.85,72.85,72.85,27.15,0.0,1.451,3.4,-5.87,9.27,13.63,0.387,0.0,21.19,0.6600000000000108,0.6600000000000108
BTC-USD,153,26.8,73.2,60.13,60.13,60.13,39.87,0.0,9.1625,9.04,21.04,-12.0,13.36,0.721,9.8,20.26,13.07,13.07
CYRE3.SA,18,26.8,72.22,44.44,44.44,44.44,55.56,0.0,0.391,1.24,14.16,-12.92,13.47,0.242,22.22,27.78,27.78,27.78
MLAS3.SA,36,26.8,72.22,61.11,61.11,61.11,38.89,0.0,0.559,1.67,-7.62,9.29,13.07,0.284,13.89,27.78,11.11,11.11
VIVT3.SA,165,26.8,72.12,71.52,71.52,71.52,28.48,0.0,0.6018,1.77,7.72,-5.94,17.93,0.139,0.0,18.79,0.6000000000000085,0.6000000000000085
RENT3.SA,75,26.8,72.0,64.0,64.0,64.0,36.0,0.0,1.0604,2.73,16.78,-14.05,14.04,0.332,4.0,22.67,8.0,8.0
WEGE3.SA,39,26.8,71.79,71.79,71.79,71.79,28.21,0.0,0.2039,0.69,17.02,-16.32,14.4,0.059,0.0,25.64,0.0,0.0
CURY3.SA,81,26.8,71.6,66.67,66.67,66.67,33.33,0.0,0.741,2.09,6.9,-4.81,13.15,0.286,3.7,25.93,4.929999999999993,4.929999999999993
BRCO11.SA,143,26.8,71.33,76.22,76.22,76.22,23.78,0.0,0.2365,0.8,1.47,-0.68,11.05,0.104,0.0,5.59,-4.890000000000001,-4.890000000000001
KLBN11.SA,45,26.8,71.11,71.11,71.11,71.11,28.89,0.0,0.1633,0.57,4.32,-3.75,15.1,0.084,0.0,26.67,0.0,0.0
UGPA3.SA,128,26.8,71.09,71.09,71.09,71.09,28.91,0.0,0.3907,1.24,6.82,-5.58,13.11,0.121,0.0,23.44,0.0,0.0
VINO11.SA,117,26.8,70.94,72.65,72.65,72.65,27.35,0.0,0.3108,1.02,-1.93,2.95,7.14,0.162,0.0,11.11,-1.710000000000008,-1.710000000000008
HAPV3.SA,78,26.8,70.51,67.95,67.95,67.95,32.05,0.0,0.55,1.65,-6.34,7.99,15.28,0.238,2.56,23.08,2.5600000000000023,2.5600000000000023
PSSA3.SA,328,26.8,70.43,67.99,67.99,67.99,32.01,0.0,3.5185,5.79,14.16,-8.37,12.21,0.482,1.22,19.51,2.440000000000012,2.440000000000012
LEVE3.SA,98,26.8,70.41,70.41,70.41,70.41,29.59,0.0,0.5463,1.64,8.11,-6.47,14.24,0.226,0.0,21.43,0.0,0.0
CSAN3.SA,337,26.8,70.33,66.77,66.77,66.77,33.23,0.0,6.2478,7.67,2.64,5.03,12.78,0.52,2.08,21.66,3.5600000000000023,3.5600000000000023
CSNA3.SA,37,26.8,70.27,59.46,59.46,59.46,40.54,0.0,0.2779,0.92,2.69,-1.77,14.87,0.169,5.41,24.32,10.809999999999995,10.809999999999995
VALE3.SA,80,26.8,70.0,68.75,68.75,68.75,31.25,0.0,0.1953,0.67,9.76,-9.1,14.54,0.031,0.0,25.0,1.25,1.25
SAPR11.SA,66,26.8,69.7,69.7,69.7,69.7,30.3,0.0,0.1135,0.4,5.11,-4.7,12.77,0.004,0.0,21.21,0.0,0.0
NEOE3.SA,151,26.8,69.54,74.17,74.17,74.17,25.83,0.0,1.3518,3.24,3.68,-0.44,10.26,0.532,0.66,13.91,-4.6299999999999955,-4.6299999999999955
RBRF11.SA,143,26.8,69.23,70.63,70.63,70.63,28.67,0.7,0.295,0.97,0.13,0.84,8.28,0.058,0.0,7.69,-1.3999999999999915,-1.3999999999999915
SUZB3.SA,13,26.8,69.23,53.85,53.85,53.85,46.15,0.0,0.0614,0.22,5.12,-4.9,16.03,0.05,15.38,23.08,15.380000000000003,15.380000000000003
KNRI11.SA,217,26.8,69.12,74.65,74.65,74.65,25.35,0.0,0.3771,1.2,2.61,-1.41,12.49,0.109,0.0,2.76,-5.530000000000001,-5.530000000000001
ALUP11.SA,178,26.8,69.1,69.1,69.1,69.1,30.9,0.0,0.7488,2.11,6.04,-3.93,13.15,0.209,0.0,16.29,0.0,0.0
BBSE3.SA,74,26.8,68.92,64.86,64.86,64.86,35.14,0.0,0.4079,1.28,6.81,-5.52,12.75,0.208,1.35,20.27,4.060000000000002,4.060000000000002
IVVB11.SA,198,26.8,68.69,70.2,70.2,70.2,29.8,0.0,0.1885,0.65,8.59,-7.95,12.73,-0.056,0.51,9.6,-1.5100000000000051,-1.5100000000000051
HSML11.SA,146,26.8,67.81,72.6,72.6,72.6,27.4,0.0,0.1763,0.61,1.23,-0.62,9.41,0.071,0.0,3.42,-4.789999999999992,-4.789999999999992
TIMS3.SA,37,26.8,67.57,48.65,48.65,48.65,51.35,0.0,0.64,1.86,9.6,-7.73,15.28,0.321,13.51,29.73,18.919999999999995,18.919999999999995
CXSE3.SA,107,26.8,67.29,67.29,67.29,67.29,32.71,0.0,0.3829,1.22,3.76,-2.55,9.8,0.109,0.93,19.63,0.0,0.0
GRND3.SA,64,26.8,67.19,59.38,59.38,59.38,40.62,0.0,0.6953,1.99,6.16,-4.17,12.8,0.326,4.69,25.0,7.809999999999995,7.809999999999995
CPTS11.SA,73,26.8,67.12,82.19,82.19,82.19,17.81,0.0,0.2753,0.91,27.98,-27.07,3.28,0.291,2.74,0.0,-15.069999999999993,-15.069999999999993
IRDM11.SA,97,26.8,67.01,74.23,74.23,74.23,24.74,1.03,0.1736,0.6,-0.43,1.03,6.23,0.119,1.03,3.09,-7.219999999999999,-7.219999999999999
ODPV3.SA,154,26.8,66.88,61.04,61.04,61.04,38.96,0.0,1.3683,3.27,9.47,-6.2,14.76,0.326,3.9,22.73,5.839999999999996,5.839999999999996
CRO-USD,12,26.8,66.67,25.0,25.0,25.0,75.0,0.0,0.4557,1.41,-0.36,1.77,23.49,0.219,58.33,33.33,41.67,41.67
SYNE3.SA,9,26.8,66.67,66.67,66.67,66.67,33.33,0.0,0.0149,0.06,10.54,-10.48,13.47,-0.029,0.0,33.33,0.0,0.0
RAIZ4.SA,45,26.8,66.67,62.22,62.22,62.22,37.78,0.0,0.1875,0.64,-8.81,9.45,12.51,0.075,4.44,33.33,4.450000000000003,4.450000000000003
RCRB11.SA,24,26.8,66.67,66.67,66.67,66.67,33.33,0.0,0.1875,0.64,0.02,0.63,12.88,0.298,0.0,8.33,0.0,0.0
IRIM11.SA,92,26.8,66.3,73.91,73.91,73.91,26.09,0.0,0.0977,0.35,-0.1,0.44,8.15,-0.033,0.0,6.52,-7.609999999999999,-7.609999999999999
RADL3.SA,169,26.8,66.27,63.91,63.91,63.91,36.09,0.0,1.2601,3.09,23.8,-20.71,12.82,0.283,1.78,23.08,2.3599999999999994,2.3599999999999994
LVBI11.SA,124,26.8,66.13,68.55,68.55,68.55,31.45,0.0,0.0392,0.14,2.17,-2.02,13.05,-0.134,0.0,11.29,-2.4200000000000017,-2.4200000000000017
BEEF3.SA,50,26.8,66.0,42.0,42.0,42.0,58.0,0.0,1.1353,2.87,-4.26,7.13,12.93,0.415,24.0,30.0,24.0,24.0
SANB11.SA,81,26.8,65.43,64.2,64.2,64.2,35.8,0.0,0.0624,0.23,5.31,-5.09,15.29,-0.088,0.0,28.4,1.230000000000004,1.230000000000004
TAEE11.SA,103,26.8,65.05,70.87,70.87,70.87,29.13,0.0,0.7671,2.15,11.71,-9.56,14.54,0.289,1.94,14.56,-5.820000000000007,-5.820000000000007
ABCB4.SA,125,26.8,64.8,62.4,62.4,62.4,37.6,0.0,0.6755,1.94,7.45,-5.51,12.11,0.155,2.4,25.6,2.3999999999999986,2.3999999999999986
BBAS3.SA,62,26.8,64.52,54.84,54.84,54.84,45.16,0.0,0.2865,0.94,10.14,-9.19,12.13,0.105,3.23,30.65,9.679999999999993,9.679999999999993
LTC-USD,31,26.8,64.52,41.94,41.94,41.94,58.06,0.0,1.3494,3.24,7.98,-4.74,13.99,0.316,19.35,32.26,22.58,22.58
EQTL3.SA,118,26.8,64.41,61.86,61.86,61.86,38.14,0.0,0.2981,0.98,11.67,-10.69,14.27,0.053,0.85,22.88,2.549999999999997,2.549999999999997
ISAE4.SA,132,26.8,64.39,61.36,61.36,61.36,38.64,0.0,0.274,0.91,26.71,-25.8,13.26,0.036,2.27,21.97,3.030000000000001,3.030000000000001
HFOF11.SA,143,26.8,64.34,73.43,73.43,73.43,26.57,0.0,0.1276,0.45,0.17,0.28,8.6,0.007,0.0,2.1,-9.090000000000003,-9.090000000000003
ASAI3.SA,70,26.8,64.29,64.29,64.29,64.29,35.71,0.0,0.1983,0.68,-1.47,2.14,12.7,0.055,0.0,24.29,0.0,0.0
XPML11.SA,106,26.8,64.15,72.64,72.64,72.64,27.36,0.0,0.0209,0.08,1.32,-1.25,12.66,-0.146,0.0,3.77,-8.489999999999995,-8.489999999999995
BRSR6.SA,39,26.8,64.1,53.85,53.85,53.85,46.15,0.0,0.4752,1.46,6.13,-4.66,12.59,0.17,5.13,33.33,10.249999999999993,10.249999999999993
KNSC11.SA,103,26.8,64.08,75.73,75.73,75.73,24.27,0.0,-0.0596,-0.23,1.63,-1.86,10.41,-0.297,0.0,2.91,-11.650000000000006,-11.650000000000006
ITSA4.SA,36,26.8,63.89,61.11,61.11,61.11,38.89,0.0,0.0293,0.11,11.87,-11.76,16.35,-0.03,2.78,22.22,2.780000000000001,2.780000000000001
GGRC11.SA,138,26.8,63.77,71.74,71.74,71.74,28.26,0.0,-0.0396,-0.15,1.06,-1.21,12.06,-0.25,0.0,7.25,-7.969999999999992,-7.969999999999992
LAVV3.SA,22,26.8,63.64,59.09,59.09,59.09,40.91,0.0,0.001,0.0,4.1,-4.09,12.99,-0.12,0.0,27.27,4.549999999999997,4.549999999999997
EZTC3.SA,41,26.8,63.41,60.98,60.98,60.98,39.02,0.0,0.3076,1.01,6.23,-5.23,13.06,0.147,2.44,29.27,2.4299999999999997,2.4299999999999997
POMO4.SA,68,26.8,63.24,57.35,57.35,57.35,42.65,0.0,0.479,1.47,12.15,-10.67,14.54,0.225,5.88,23.53,5.890000000000001,5.890000000000001
VBBR3.SA,27,26.8,62.96,55.56,55.56,55.56,44.44,0.0,0.1089,0.39,3.54,-3.15,12.83,0.065,7.41,33.33,7.399999999999999,7.399999999999999
PVBI11.SA,126,26.8,62.7,67.46,67.46,67.46,32.54,0.0,0.0189,0.07,0.5,-0.43,10.16,-0.134,0.0,8.73,-4.759999999999991,-4.759999999999991
SOL-USD,8,26.8,62.5,25.0,25.0,25.0,75.0,0.0,-0.1235,-0.49,18.46,-18.95,28.25,-0.036,50.0,37.5,37.5,37.5
IGTI11.SA,64,26.8,62.5,59.38,59.38,59.38,40.62,0.0,0.2686,0.89,1.55,-0.66,12.66,0.155,1.56,23.44,3.1199999999999974,3.1199999999999974
RAIL3.SA,29,26.8,62.07,48.28,48.28,48.28,51.72,0.0,0.1186,0.42,-0.05,0.47,15.64,0.039,3.45,34.48,13.79,13.79
MGLU3.SA,60,26.8,61.67,55.0,55.0,55.0,45.0,0.0,0.3234,1.05,2.61,-1.56,14.75,0.122,3.33,36.67,6.670000000000002,6.670000000000002
CPFE3.SA,39,26.8,61.54,58.97,58.97,58.97,41.03,0.0,-0.0276,-0.1,10.86,-10.96,15.93,-0.115,2.56,33.33,2.5700000000000003,2.5700000000000003
HGBS11.SA,241,26.8,61.0,72.2,72.2,72.2,27.8,0.0,0.309,1.01,1.48,-0.47,10.86,0.015,0.0,4.15,-11.200000000000003,-11.200000000000003
MXRF11.SA,89,26.8,60.67,68.54,68.54,68.54,31.46,0.0,-0.1036,-0.41,2.64,-3.05,12.07,-0.419,0.0,3.37,-7.8700000000000045,-7.8700000000000045
ECOR3.SA,42,26.8,59.52,59.52,59.52,59.52,40.48,0.0,-0.0468,-0.18,1.9,-2.08,13.69,-0.138,0.0,28.57,0.0,0.0
ENGI11.SA,61,26.8,59.02,60.66,60.66,60.66,37.7,1.64,0.0966,0.34,9.49,-9.14,12.46,0.06,4.92,13.11,-1.6399999999999935,-1.6399999999999935
SMTO3.SA,29,26.8,58.62,41.38,41.38,41.38,58.62,0.0,0.0421,0.15,5.32,-5.16,12.09,0.019,10.34,34.48,17.239999999999995,17.239999999999995
ITUB4.SA,24,26.8,58.33,58.33,58.33,58.33,41.67,0.0,-0.0621,-0.24,11.06,-11.29,12.9,-0.166,0.0,37.5,0.0,0.0
VISC11.SA,72,26.8,58.33,66.67,66.67,66.67,33.33,0.0,-0.0954,-0.37,1.63,-2.0,13.7,-0.33,0.0,4.17,-8.340000000000003,-8.340000000000003
EGIE3.SA,48,26.8,58.33,56.25,56.25,56.25,43.75,0.0,-0.0853,-0.33,11.38,-11.72,13.93,-0.195,2.08,35.42,2.0799999999999983,2.0799999999999983
BRCR11.SA,79,26.8,56.96,65.82,65.82,65.82,34.18,0.0,-0.1354,-0.54,-1.7,1.16,14.21,-0.444,0.0,6.33,-8.859999999999992,-8.859999999999992
XPLG11.SA,120,26.8,56.67,71.67,71.67,71.67,28.33,0.0,-0.0577,-0.22,0.83,-1.05,11.09,-0.307,0.0,3.33,-15.0,-15.0
UNIP6.SA,71,26.8,56.34,53.52,53.52,53.52,46.48,0.0,-0.0564,-0.22,11.02,-11.24,17.18,-0.173,2.82,32.39,2.8200000000000003,2.8200000000000003
BTLG11.SA,72,26.8,55.56,63.89,63.89,63.89,36.11,0.0,0.0013,0.0,1.65,-1.65,12.19,-0.097,1.39,12.5,-8.329999999999998,-8.329999999999998
AXIA3.SA,20,26.8,55.0,50.0,50.0,50.0,50.0,0.0,-0.0284,-0.11,7.04,-7.15,12.83,-0.123,0.0,40.0,5.0,5.0
MDIA3.SA,51,26.8,54.9,49.02,49.02,49.02,50.98,0.0,0.0494,0.18,5.93,-5.75,13.34,-0.032,5.88,27.45,5.8799999999999955,5.8799999999999955
RANI3.SA,11,26.8,54.55,27.27,27.27,27.27,72.73,0.0,-0.0018,-0.01,11.69,-11.69,19.66,0.008,27.27,45.45,27.279999999999998,27.279999999999998
PRIO3.SA,11,26.8,54.55,54.55,54.55,54.55,45.45,0.0,-0.0225,-0.08,2.6,-2.69,13.55,-0.124,0.0,27.27,0.0,0.0
FLRY3.SA,30,26.8,53.33,53.33,53.33,53.33,46.67,0.0,-0.0875,-0.34,4.77,-5.11,12.11,-0.216,0.0,40.0,0.0,0.0
ABEV3.SA,15,26.8,53.33,53.33,53.33,53.33,46.67,0.0,-0.1072,-0.42,7.88,-8.3,12.15,-0.286,0.0,40.0,0.0,0.0
ALZR11.SA,71,26.8,52.11,57.75,57.75,57.75,42.25,0.0,-0.1261,-0.5,1.82,-2.32,13.17,-0.47,0.0,2.82,-5.640000000000001,-5.640000000000001
JHSF3.SA,49,26.8,51.02,36.73,36.73,36.73,63.27,0.0,0.5043,1.54,3.51,-1.97,12.73,0.197,10.2,36.73,14.290000000000006,14.290000000000006
KNCR11.SA,55,26.8,50.91,61.82,61.82,61.82,38.18,0.0,-0.1145,-0.45,2.14,-2.59,12.25,-0.382,0.0,5.45,-10.910000000000004,-10.910000000000004
MBRF3.SA,20,26.8,50.0,30.0,30.0,30.0,70.0,0.0,-0.0067,-0.03,2.52,-2.54,12.93,-0.024,15.0,50.0,20.0,20.0
SBSP3.SA,20,26.8,50.0,50.0,50.0,50.0,50.0,0.0,-0.109,-0.43,16.22,-16.65,14.18,-0.277,0.0,45.0,0.0,0.0
BRKM5.SA,8,26.8,50.0,50.0,50.0,50.0,50.0,0.0,-0.0625,-0.24,-2.27,2.03,12.54,-0.146,0.0,50.0,0.0,0.0
TRXF11.SA,107,26.8,49.53,69.16,69.16,69.16,30.84,0.0,-0.0577,-0.22,0.76,-0.98,11.28,-0.379,0.0,0.93,-19.629999999999995,-19.629999999999995
KNHY11.SA,39,26.8,48.72,61.54,61.54,61.54,38.46,0.0,-0.1145,-0.45,1.83,-2.28,12.54,-0.502,0.0,7.69,-12.82,-12.82
HGPO11.SA,19,26.8,47.37,47.37,47.37,47.37,52.63,0.0,-0.1257,-0.5,2.26,-2.76,12.57,-0.386,0.0,31.58,0.0,0.0
TCSA3.SA,9,26.8,44.44,33.33,33.33,33.33,66.67,0.0,-0.0802,-0.31,-15.03,14.72,13.6,-0.189,0.0,44.44,11.11,11.11
BBDC4.SA,12,26.8,41.67,41.67,41.67,41.67,58.33,0.0,-0.0943,-0.37,3.2,-3.57,15.39,-0.256,0.0,33.33,0.0,0.0
DIRR3.SA,12,26.8,41.67,33.33,33.33,33.33,66.67,0.0,-0.1007,-0.4,8.86,-9.26,12.16,-0.188,8.33,50.0,8.340000000000003,8.340000000000003
HGLG11.SA,17,26.8,41.18,47.06,47.06,47.06,52.94,0.0,-0.1362,-0.55,3.0,-3.55,14.34,-0.468,0.0,17.65,-5.880000000000003,-5.880000000000003
DOGE-USD,5,26.8,40.0,0.0,0.0,0.0,100.0,0.0,0.1705,0.59,1.01,-0.42,25.7,0.103,40.0,60.0,40.0,40.0
XPBR31.SA,8,26.8,37.5,37.5,37.5,37.5,62.5,0.0,-0.1165,-0.46,-2.71,2.24,16.6,-0.35,0.0,62.5,0.0,0.0
HGRE11.SA,25,26.8,36.0,48.0,48.0,48.0,52.0,0.0,-0.1442,-0.58,1.78,-2.36,14.42,-0.575,0.0,8.0,-12.0,-12.0
AXIA6.SA,14,26.8,35.71,28.57,28.57,28.57,71.43,0.0,-0.1129,-0.45,9.44,-9.88,14.21,-0.187,7.14,50.0,7.140000000000001,7.140000000000001
BCIA11.SA,14,26.8,28.57,28.57,28.57,28.57,71.43,0.0,-0.1369,-0.55,0.8,-1.35,13.69,-0.408,0.0,14.29,0.0,0.0
CMIG4.SA,7,26.8,28.57,28.57,28.57,28.57,71.43,0.0,-0.1175,-0.47,9.1,-9.56,12.44,-0.307,0.0,57.14,0.0,0.0
LREN3.SA,8,26.8,25.0,25.0,25.0,25.0,75.0,0.0,-0.1221,-0.48,10.52,-11.0,12.21,-0.454,0.0,50.0,0.0,0.0
VULC3.SA,4,26.8,25.0,25.0,25.0,25.0,75.0,0.0,-0.1559,-0.63,-1.63,1.0,18.5,-0.394,0.0,75.0,0.0,0.0
AGRO3.SA,13,26.8,23.08,46.15,46.15,46.15,53.85,0.0,-0.1175,-0.47,5.55,-6.01,12.39,-0.408,0.0,23.08,-23.07,-23.07
USIM5.SA,5,26.8,20.0,20.0,20.0,20.0,80.0,0.0,-0.1735,-0.71,-0.69,-0.02,17.35,-0.549,0.0,80.0,0.0,0.0
GGBR4.SA,5,26.8,20.0,20.0,20.0,20.0,80.0,0.0,-0.1455,-0.59,7.56,-8.15,14.55,-0.466,0.0,80.0,0.0,0.0
CSMG3.SA,7,26.8,14.29,14.29,14.29,14.29,85.71,0.0,-0.1456,-0.59,11.77,-12.36,14.56,-0.717,0.0,57.14,0.0,0.0
RBRP11.SA,7,26.8,14.29,14.29,14.29,14.29,85.71,0.0,-0.1974,-0.82,-0.19,-0.62,19.74,-0.565,0.0,42.86,0.0,0.0
GOAU4.SA,3,26.8,0.0,0.0,0.0,0.0,100.0,0.0,-0.1295,-0.52,2.83,-3.35,12.95,-2.406,0.0,100.0,0.0,0.0
